config_id,seed,N,M,beta,V,V_scale,bandwidth_hz,bandwidth_mhz,noise_w,energy_j_per_slot,backlog_mbit,trace_path,trace_sha256
c00,520927,100.0,10.0,2.0,300000000000.0,1.0,2000000.0,2.0,1e-10,1.6589147434302833,28.62479226756854,experiments/results/parameter_sensitivity_v1/traces/c00_s520927.npz,6cec396c6d90333bca2e9943355c595cb3dddd25043090dc2a22aee4f1c96c54
c00,520928,100.0,10.0,2.0,300000000000.0,1.0,2000000.0,2.0,1e-10,1.6625770124694113,28.636733178886974,experiments/results/parameter_sensitivity_v1/traces/c00_s520928.npz,be0d00f499a3ac5fbedf01c861300191fc0fa13d16e13d40adb16b9a8a541acb
c00,520929,100.0,10.0,2.0,300000000000.0,1.0,2000000.0,2.0,1e-10,1.6573888134187993,28.637333971311808,experiments/results/parameter_sensitivity_v1/traces/c00_s520929.npz,90bebc0404dbb1f02a68ea536eac9cb82315c35d397914fd2c14c065dacd6717
c00,520930,100.0,10.0,2.0,300000000000.0,1.0,2000000.0,2.0,1e-10,1.6648981858981236,28.658392045083154,experiments/results/parameter_sensitivity_v1/traces/c00_s520930.npz,0a5124ccb3c208690c60a8cb2af52d2ee0b52b10e9f03377034ef3d86fdf016f
c00,520931,100.0,10.0,2.0,300000000000.0,1.0,2000000.0,2.0,1e-10,1.6615390616932624,28.646606677878744,experiments/results/parameter_sensitivity_v1/traces/c00_s520931.npz,3f6086d4221970a81b485e1cf634b482dc89dfe76d7735e6ce05defce4c5ba3a
c01,520927,100.0,10.0,2.0,18750000000.0,0.0625,2000000.0,2.0,1e-10,3.5361607897931187,12.351673541224045,experiments/results/parameter_sensitivity_v1/traces/c01_s520927.npz,3542ad0c3eca6d93e9e86208a70500382ac44fe4dbef6ba99102d21098515fcb
c01,520928,100.0,10.0,2.0,18750000000.0,0.0625,2000000.0,2.0,1e-10,3.539906891459801,12.352234691991212,experiments/results/parameter_sensitivity_v1/traces/c01_s520928.npz,d138cb978111af54d17eb522e3d7a0eb891e925e50b20286f2fce9bff163e138
c01,520929,100.0,10.0,2.0,18750000000.0,0.0625,2000000.0,2.0,1e-10,3.5354580300811884,12.35364072071565,experiments/results/parameter_sensitivity_v1/traces/c01_s520929.npz,aff480102e1c7a2361dc7e0daae459f5ffdde396c3b259386011538ddaddb01b
c01,520930,100.0,10.0,2.0,18750000000.0,0.0625,2000000.0,2.0,1e-10,3.542657916168838,12.356564348201053,experiments/results/parameter_sensitivity_v1/traces/c01_s520930.npz,9bf299ec87c8d9d1e233ea4ae7bd823b0eb509b3f3bf184221a3343a46d97f26
c01,520931,100.0,10.0,2.0,18750000000.0,0.0625,2000000.0,2.0,1e-10,3.539498459940265,12.354740917744808,experiments/results/parameter_sensitivity_v1/traces/c01_s520931.npz,3a4339fdeed2e1db217b0de3e4d727ed205589ac7069775cca7b36efb36f68e9
c02,520927,100.0,10.0,2.0,37500000000.0,0.125,2000000.0,2.0,1e-10,2.412118327324777,13.384635299711249,experiments/results/parameter_sensitivity_v1/traces/c02_s520927.npz,d18b70e5a877c06470d80820516a900f254314e7f02a7b1cd0a13e2c7ce2f2b0
c02,520928,100.0,10.0,2.0,37500000000.0,0.125,2000000.0,2.0,1e-10,2.4153134120449318,13.38499659987062,experiments/results/parameter_sensitivity_v1/traces/c02_s520928.npz,6f0fac8136010792aaf687540a0e473f98adc030fb215e570fc8aff1426ff940
c02,520929,100.0,10.0,2.0,37500000000.0,0.125,2000000.0,2.0,1e-10,2.41003288780384,13.387535205761,experiments/results/parameter_sensitivity_v1/traces/c02_s520929.npz,bd7978bd1ba928df974b169bb0c2d461fce34641e0febafbfe4a57441cd50174
c02,520930,100.0,10.0,2.0,37500000000.0,0.125,2000000.0,2.0,1e-10,2.4177649081178885,13.38963087997042,experiments/results/parameter_sensitivity_v1/traces/c02_s520930.npz,80ad2f2813528e44560c3e2210f6527c099e1b3e4908ee49289806d83805514d
c02,520931,100.0,10.0,2.0,37500000000.0,0.125,2000000.0,2.0,1e-10,2.414249337849868,13.38827826680872,experiments/results/parameter_sensitivity_v1/traces/c02_s520931.npz,5fd020edfb1218da603a7e5a3f472b8834dac95483aae3a464a348746a37896d
c03,520927,100.0,10.0,2.0,75000000000.0,0.25,2000000.0,2.0,1e-10,1.8070872623560044,14.461644524942836,experiments/results/parameter_sensitivity_v1/traces/c03_s520927.npz,84e315f0cebf4c653964ed2d591ab79fa0a5214b6534ca5bd0a984c60c654849
c03,520928,100.0,10.0,2.0,75000000000.0,0.25,2000000.0,2.0,1e-10,1.8109198879106703,14.461394378983714,experiments/results/parameter_sensitivity_v1/traces/c03_s520928.npz,49174017241b9286b92b67b094779fc626dec3d1419180185ddfb27cb3a1ac07
c03,520929,100.0,10.0,2.0,75000000000.0,0.25,2000000.0,2.0,1e-10,1.8048191555978357,14.46551517860511,experiments/results/parameter_sensitivity_v1/traces/c03_s520929.npz,e2ef067523aa0813c080ba166ef7abe7e66f9cc23c37252aa8cc9783629d7fde
c03,520930,100.0,10.0,2.0,75000000000.0,0.25,2000000.0,2.0,1e-10,1.8129063745116303,14.466269403994831,experiments/results/parameter_sensitivity_v1/traces/c03_s520930.npz,8a1c234594c5840cf3dbfbb9ee5152aecb6299ca676e7830828b22142d9ab974
c03,520931,100.0,10.0,2.0,75000000000.0,0.25,2000000.0,2.0,1e-10,1.8093577299234178,14.465172849973897,experiments/results/parameter_sensitivity_v1/traces/c03_s520931.npz,e0df75cc938158c5ff05292ff891a99f8735f4c286a8b4bb1f646c558874ec66
c04,520927,100.0,10.0,2.0,150000000000.0,0.5,2000000.0,2.0,1e-10,1.6828726788181283,16.54615777792842,experiments/results/parameter_sensitivity_v1/traces/c04_s520927.npz,3290d5574f8dcacc1cd1ec04879101672f3dd132dffe5a36a894df8bc347a64d
c04,520928,100.0,10.0,2.0,150000000000.0,0.5,2000000.0,2.0,1e-10,1.686558072014357,16.544483497542878,experiments/results/parameter_sensitivity_v1/traces/c04_s520928.npz,6a9de786756072080d995cb1f7641d4507a9757d76faaa9a0f2f1a5761bb344e
c04,520929,100.0,10.0,2.0,150000000000.0,0.5,2000000.0,2.0,1e-10,1.6810576832093516,16.553894147017743,experiments/results/parameter_sensitivity_v1/traces/c04_s520929.npz,ded43e35c96949820e3a8fb005db76073916b633215ad2732cdff39fb52c2dfe
c04,520930,100.0,10.0,2.0,150000000000.0,0.5,2000000.0,2.0,1e-10,1.6889116572187157,16.551752528169082,experiments/results/parameter_sensitivity_v1/traces/c04_s520930.npz,d26c70e6227784710cfb61a55ae5df706b23bbe5f0341939976fffd801ca389c
c04,520931,100.0,10.0,2.0,150000000000.0,0.5,2000000.0,2.0,1e-10,1.6852577128699475,16.551200731103688,experiments/results/parameter_sensitivity_v1/traces/c04_s520931.npz,e51e59f44f7b090f14a32b822b5e818fbbb852b0f3605d2352cc81f8618ad459
c05,520927,100.0,10.0,2.0,600000000000.0,2.0,2000000.0,2.0,1e-10,1.647244453505843,57.232510961841285,experiments/results/parameter_sensitivity_v1/traces/c05_s520927.npz,4741193e74a44993c6c1846a693b65df8a3e37f755fa696171a25a53fbe9abbf
c05,520928,100.0,10.0,2.0,600000000000.0,2.0,2000000.0,2.0,1e-10,1.650843044829626,57.25741526295336,experiments/results/parameter_sensitivity_v1/traces/c05_s520928.npz,3a51606e0e1b7a4b94e4d269ff3da066f7f18cfdc231663b2649e10a32bdb157
c05,520929,100.0,10.0,2.0,600000000000.0,2.0,2000000.0,2.0,1e-10,1.6458381889662066,57.25718811933632,experiments/results/parameter_sensitivity_v1/traces/c05_s520929.npz,fc82d0a5829925a25e03b9f5dfc06114f668e1d65c5c8c0229ebd2b7012b5fec
c05,520930,100.0,10.0,2.0,600000000000.0,2.0,2000000.0,2.0,1e-10,1.6531142117991704,57.29694309687643,experiments/results/parameter_sensitivity_v1/traces/c05_s520930.npz,09b367d5a5577e4965780ed7c481c4af24a7ec21985b9f7a39a12b92584b4c93
c05,520931,100.0,10.0,2.0,600000000000.0,2.0,2000000.0,2.0,1e-10,1.6497823078936469,57.27465869666924,experiments/results/parameter_sensitivity_v1/traces/c05_s520931.npz,1a22035ee6e1a77ce41dbcfeb6d1fd6a461c0d8171bd1203d05b4e07b132afd1
c06,520927,100.0,10.0,2.0,1200000000000.0,4.0,2000000.0,2.0,1e-10,1.635074263965566,114.42970421480973,experiments/results/parameter_sensitivity_v1/traces/c06_s520927.npz,1cb3021639516f8b41710931cf77f3acc5a59a5ed57dde8be6394ac9ac10f6f9
c06,520928,100.0,10.0,2.0,1200000000000.0,4.0,2000000.0,2.0,1e-10,1.6386679633302892,114.48328986271524,experiments/results/parameter_sensitivity_v1/traces/c06_s520928.npz,e541423b113292158b7d83b6e16704a5d9922ce2f57dd86c65fe4668638cd508
c06,520929,100.0,10.0,2.0,1200000000000.0,4.0,2000000.0,2.0,1e-10,1.6336990354154446,114.47378823500489,experiments/results/parameter_sensitivity_v1/traces/c06_s520929.npz,eea66b4affdde0b66089fac641bdca310e53c14b27f92b44c995692d27e8e06b
c06,520930,100.0,10.0,2.0,1200000000000.0,4.0,2000000.0,2.0,1e-10,1.640778925910726,114.55980438525386,experiments/results/parameter_sensitivity_v1/traces/c06_s520930.npz,6364d53ff8e25deab51ff67316fa73291f0de7664f31b3a4d6d5d4ceecd2ffd2
c06,520931,100.0,10.0,2.0,1200000000000.0,4.0,2000000.0,2.0,1e-10,1.6376864763120222,114.51480155388509,experiments/results/parameter_sensitivity_v1/traces/c06_s520931.npz,3ac2ce6813c046271c3c2d349e090fe22daa5db5b7cbd5e026312cf9852b9149
c07,520927,100.0,10.0,2.0,2400000000000.0,8.0,2000000.0,2.0,1e-10,1.6225197200266963,228.76562684470406,experiments/results/parameter_sensitivity_v1/traces/c07_s520927.npz,c8ea0fb501c8ae75d6f90312d65278da32d1dc6e2a4fa85f0652d71b4a7063ea
c07,520928,100.0,10.0,2.0,2400000000000.0,8.0,2000000.0,2.0,1e-10,1.6260384334782982,228.87627069782724,experiments/results/parameter_sensitivity_v1/traces/c07_s520928.npz,24115c5a46db1faf27d164da3d7ebde674876d7f6dc9f8edfe6ce64add34e9dc
c07,520929,100.0,10.0,2.0,2400000000000.0,8.0,2000000.0,2.0,1e-10,1.62123251082981,228.83892600990723,experiments/results/parameter_sensitivity_v1/traces/c07_s520929.npz,cbef117a5e6debd1dcebd7f5bd0690242deef7d20433d884df2e3a87512ef034
c07,520930,100.0,10.0,2.0,2400000000000.0,8.0,2000000.0,2.0,1e-10,1.6281182948364912,229.0354074398859,experiments/results/parameter_sensitivity_v1/traces/c07_s520930.npz,0af9737efc32e9138515fd5a6272be688e69de140cc08ce02a3763721934aca9
c07,520931,100.0,10.0,2.0,2400000000000.0,8.0,2000000.0,2.0,1e-10,1.6253055230002542,228.94712364251316,experiments/results/parameter_sensitivity_v1/traces/c07_s520931.npz,319ef85716ced3c1187edaad168d31fc9692b34a77513f6158ca35d7145ba68e
c08,520927,100.0,10.0,2.0,4800000000000.0,16.0,2000000.0,2.0,1e-10,1.608792550954794,456.83257957476684,experiments/results/parameter_sensitivity_v1/traces/c08_s520927.npz,a80e39bd89b17ce58840e2f2c5f8c24648ab179b49bdf82d4fd7ecaf1eeb1e1e
c08,520928,100.0,10.0,2.0,4800000000000.0,16.0,2000000.0,2.0,1e-10,1.6122101993609617,457.05885107531617,experiments/results/parameter_sensitivity_v1/traces/c08_s520928.npz,e95403fd1dbf7ce3b20e85e75c080266af82aeb456b35df5df6effb4c086117e
c08,520929,100.0,10.0,2.0,4800000000000.0,16.0,2000000.0,2.0,1e-10,1.607627035488408,456.96588953954,experiments/results/parameter_sensitivity_v1/traces/c08_s520929.npz,7a55937ed254eb4bc50824494134be7b936c81b8f52fd58925c76916a1a54f48
c08,520930,100.0,10.0,2.0,4800000000000.0,16.0,2000000.0,2.0,1e-10,1.614256114034035,457.37748865871185,experiments/results/parameter_sensitivity_v1/traces/c08_s520930.npz,f8691100119e2b9d659476170dd9b98425ec0f71df4b9a9f66372732aae1b76f
c08,520931,100.0,10.0,2.0,4800000000000.0,16.0,2000000.0,2.0,1e-10,1.611757144677235,457.21924859126455,experiments/results/parameter_sensitivity_v1/traces/c08_s520931.npz,4e62ab1fe29832ce56823ecb57a0ac179b444b88266acee65cf6c718ec34c0bb
c09,520927,100.0,10.0,1.0,300000000000.0,1.0,2000000.0,2.0,1e-10,0.25853310526632006,8.205525093569207,experiments/results/parameter_sensitivity_v1/traces/c09_s520927.npz,1994b2e6f066e01ddf63b8cb9e61f60d842d6721dc307eab3b8887045340d109
c09,520928,100.0,10.0,1.0,300000000000.0,1.0,2000000.0,2.0,1e-10,0.2592594373856502,8.189795609120134,experiments/results/parameter_sensitivity_v1/traces/c09_s520928.npz,f5b67e9c54db088a048d0ab19c44e39eb3449c0cbc3dd6239345d413c3c2fd93
c09,520929,100.0,10.0,1.0,300000000000.0,1.0,2000000.0,2.0,1e-10,0.2553574297976269,8.169915397262791,experiments/results/parameter_sensitivity_v1/traces/c09_s520929.npz,5dd6e53043f074daf00ea93bb3b33b0288e3899dd4f8ed6738663f6b9d08bddc
c09,520930,100.0,10.0,1.0,300000000000.0,1.0,2000000.0,2.0,1e-10,0.2598775231362517,8.189934202227784,experiments/results/parameter_sensitivity_v1/traces/c09_s520930.npz,b27c0bfca0d16f8bf31345096bd3f487076da64e430cb122defb99ed1e09db43
c09,520931,100.0,10.0,1.0,300000000000.0,1.0,2000000.0,2.0,1e-10,0.25822133883648224,8.191657620466035,experiments/results/parameter_sensitivity_v1/traces/c09_s520931.npz,7cddc66599931c5eacb8e4c1beec8f186f029c2e41cc84f39562f0d967ae539f
c10,520927,100.0,10.0,1.5,300000000000.0,1.0,2000000.0,2.0,1e-10,0.742815840848337,16.227375656813276,experiments/results/parameter_sensitivity_v1/traces/c10_s520927.npz,4cf557caf52abddc8384521dadb7bd3cddfb6a87957adbafe20e4c392662311f
c10,520928,100.0,10.0,1.5,300000000000.0,1.0,2000000.0,2.0,1e-10,0.7420974120253735,16.17519932507147,experiments/results/parameter_sensitivity_v1/traces/c10_s520928.npz,e10f07425e5d5bc579af5983164f4b34731b737faa659ac54106b0fba0129e66
c10,520929,100.0,10.0,1.5,300000000000.0,1.0,2000000.0,2.0,1e-10,0.7356618407843142,16.128246901561504,experiments/results/parameter_sensitivity_v1/traces/c10_s520929.npz,8e3f2747f6044b8ba5d98a94400508df7c2129b92571b69d57eefadefe098d29
c10,520930,100.0,10.0,1.5,300000000000.0,1.0,2000000.0,2.0,1e-10,0.7445505167961587,16.214579307377615,experiments/results/parameter_sensitivity_v1/traces/c10_s520930.npz,136ef61316c336403018039c4031052d2ba4052ddfe461797199b72374ecf50f
c10,520931,100.0,10.0,1.5,300000000000.0,1.0,2000000.0,2.0,1e-10,0.7411533227768509,16.184339416209763,experiments/results/parameter_sensitivity_v1/traces/c10_s520931.npz,45b756a912c984e9e449e5332a38f1f7727d148ef91f8e99c46d752a33fc8b4e
c11,520927,100.0,10.0,2.5,300000000000.0,1.0,2000000.0,2.0,1e-10,3.1502923239941394,44.64312434365163,experiments/results/parameter_sensitivity_v1/traces/c11_s520927.npz,edc1a955844fd33721737242f68c956adedbb5002c700c6a227a6d236a457cea
c11,520928,100.0,10.0,2.5,300000000000.0,1.0,2000000.0,2.0,1e-10,3.1586171072062603,44.69456523626282,experiments/results/parameter_sensitivity_v1/traces/c11_s520928.npz,f46a7f88825d84a32759ec2bf6212a5d02388ab58293af085e7259793a403cc4
c11,520929,100.0,10.0,2.5,300000000000.0,1.0,2000000.0,2.0,1e-10,3.1477989460389666,44.653377588250784,experiments/results/parameter_sensitivity_v1/traces/c11_s520929.npz,4384a92adb49d98516015149556e1b900c3d1ba57b690e3c925b733aa3b9975b
c11,520930,100.0,10.0,2.5,300000000000.0,1.0,2000000.0,2.0,1e-10,3.1595867357575385,44.698187462834916,experiments/results/parameter_sensitivity_v1/traces/c11_s520930.npz,c9ce22804e97c8d435e99d88e4384fc21d92c5f47848bcb777f61ba1b768c244
c11,520931,100.0,10.0,2.5,300000000000.0,1.0,2000000.0,2.0,1e-10,3.1528404846121245,44.658720874890506,experiments/results/parameter_sensitivity_v1/traces/c11_s520931.npz,bf8be8232bb8bb122e3241d5a107d43b6d34635d58364afc1d1d91c79d27cf84
c12,520927,100.0,10.0,3.0,300000000000.0,1.0,2000000.0,2.0,1e-10,5.349904313702399,64.16667236394083,experiments/results/parameter_sensitivity_v1/traces/c12_s520927.npz,c9111043e10853d846321c9be26430cc0feb41a4ffe36b1045e3f12d7b99b8a6
c12,520928,100.0,10.0,3.0,300000000000.0,1.0,2000000.0,2.0,1e-10,5.3649828567805375,64.26021117989283,experiments/results/parameter_sensitivity_v1/traces/c12_s520928.npz,42c970371acb57d33aaa13f11592580c3c863433829d38727ed2c816e0b31968
c12,520929,100.0,10.0,3.0,300000000000.0,1.0,2000000.0,2.0,1e-10,5.3518638926896935,64.2210081128424,experiments/results/parameter_sensitivity_v1/traces/c12_s520929.npz,f11c2addac0d64badf81fb4d71c33e8a732782b0fbd3f9e11a0b9d1dac35da2f
c12,520930,100.0,10.0,3.0,300000000000.0,1.0,2000000.0,2.0,1e-10,5.368708218507211,64.28590731015507,experiments/results/parameter_sensitivity_v1/traces/c12_s520930.npz,35a62a9f6c5a620d871630503eb59aa086f708c4b1feb17da2c54576b5ff4085
c12,520931,100.0,10.0,3.0,300000000000.0,1.0,2000000.0,2.0,1e-10,5.361525297052858,64.25618489304046,experiments/results/parameter_sensitivity_v1/traces/c12_s520931.npz,71008bb3453287f55138d2e86cbc28eb0b2235e4e410822f3a0302ebff87023b
c13,520927,100.0,5.0,2.0,300000000000.0,1.0,2000000.0,2.0,1e-10,3.1791433510835674,56.73193706538439,experiments/results/parameter_sensitivity_v1/traces/c13_s520927.npz,108c9f371a3f74f92f1f3c5153d61057b926aa4000b079a8b38aa4f677f27332
c13,520928,100.0,5.0,2.0,300000000000.0,1.0,2000000.0,2.0,1e-10,3.182156160469001,56.747147193855966,experiments/results/parameter_sensitivity_v1/traces/c13_s520928.npz,90f48ad450e10eb1d63045709b0bbecd41701754e76be4beab9d9c79ee53a05d
c13,520929,100.0,5.0,2.0,300000000000.0,1.0,2000000.0,2.0,1e-10,3.1789862068516164,56.765919811159435,experiments/results/parameter_sensitivity_v1/traces/c13_s520929.npz,39df34951f359adec4b4c095cbf193b6d8e0f7568f9154aacf13b3f6cc22b404
c13,520930,100.0,5.0,2.0,300000000000.0,1.0,2000000.0,2.0,1e-10,3.184336395246679,56.78661981558575,experiments/results/parameter_sensitivity_v1/traces/c13_s520930.npz,129f64408454e87e6fb007bba367a51841cbb8a060927b636e87f735b8807cea
c13,520931,100.0,5.0,2.0,300000000000.0,1.0,2000000.0,2.0,1e-10,3.1844657556246285,56.767949963224225,experiments/results/parameter_sensitivity_v1/traces/c13_s520931.npz,2f266776f1a160dd9d37d9c22c7d63be0846cc234060ea79d2dc175a7ee79722
c14,520927,100.0,15.0,2.0,300000000000.0,1.0,2000000.0,2.0,1e-10,1.05790090588604,17.969615732349837,experiments/results/parameter_sensitivity_v1/traces/c14_s520927.npz,b6bb17c035b4a45e68981398c83570046aa879947592f726a1b9cd211911240e
c14,520928,100.0,15.0,2.0,300000000000.0,1.0,2000000.0,2.0,1e-10,1.0614810905440621,17.9715806751891,experiments/results/parameter_sensitivity_v1/traces/c14_s520928.npz,70e94316e80a0cbc07c437c1bf95149a37fddc500f324caf0ae39b4eae99d4f0
c14,520929,100.0,15.0,2.0,300000000000.0,1.0,2000000.0,2.0,1e-10,1.0555946941385688,17.978680189557913,experiments/results/parameter_sensitivity_v1/traces/c14_s520929.npz,855454f0daf22f8f239e214f9a3f9c5df4d8f7905c2d8cbb19af52734a335a21
c14,520930,100.0,15.0,2.0,300000000000.0,1.0,2000000.0,2.0,1e-10,1.062262647347619,17.980487953115084,experiments/results/parameter_sensitivity_v1/traces/c14_s520930.npz,93bce1a00327351f9f497893a4389a112a632599870f1f25f7d5406bf5857f03
c14,520931,100.0,15.0,2.0,300000000000.0,1.0,2000000.0,2.0,1e-10,1.059908034957964,17.97911015202944,experiments/results/parameter_sensitivity_v1/traces/c14_s520931.npz,59f0a54cef7c53ddc7bd7f16d68ed5d6aaff274c4ec813852279ac658be4afbc
c15,520927,100.0,20.0,2.0,300000000000.0,1.0,2000000.0,2.0,1e-10,0.772014543979359,16.334536782056983,experiments/results/parameter_sensitivity_v1/traces/c15_s520927.npz,178c232113cf66da3fb9a16958d79536671cdc35a28cf478fcbf41e1faa020a4
c15,520928,100.0,20.0,2.0,300000000000.0,1.0,2000000.0,2.0,1e-10,0.7754585371815537,16.334373703551975,experiments/results/parameter_sensitivity_v1/traces/c15_s520928.npz,f570521cdc12198ba1f9574b192370b68f1d0d43dbaf0479647c73c1803ae556
c15,520929,100.0,20.0,2.0,300000000000.0,1.0,2000000.0,2.0,1e-10,0.7697741888061534,16.340137001907838,experiments/results/parameter_sensitivity_v1/traces/c15_s520929.npz,5b317c935dee774c107cc15639badc0b3725babefd1cb13213b2276b729bdcc0
c15,520930,100.0,20.0,2.0,300000000000.0,1.0,2000000.0,2.0,1e-10,0.7769097335384905,16.339246208230296,experiments/results/parameter_sensitivity_v1/traces/c15_s520930.npz,fe72cee60ce6fd7a0b3f0c644ab263fafee5edcf12128ca4942b80ca60bb392a
c15,520931,100.0,20.0,2.0,300000000000.0,1.0,2000000.0,2.0,1e-10,0.7744472136466164,16.338121787251723,experiments/results/parameter_sensitivity_v1/traces/c15_s520931.npz,f34dcf31adef0893a7be0db9e74c74d50c7357ca1c488ed46a72ece230a92e16
c16,520927,100.0,10.0,2.0,300000000000.0,1.0,1000000.0,1.0,5e-11,1.6739406555779741,28.659802478936513,experiments/results/parameter_sensitivity_v1/traces/c16_s520927.npz,e1cbbf0a5c1c632a46f2d7d8abb985c2bb5dde80d35976a3372707633721c491
c16,520928,100.0,10.0,2.0,300000000000.0,1.0,1000000.0,1.0,5e-11,1.6779219456224026,28.67262177737348,experiments/results/parameter_sensitivity_v1/traces/c16_s520928.npz,4764cb9eae282dac26a4cf3144404cb54f51460aa448d3c54381c822daf8c495
c16,520929,100.0,10.0,2.0,300000000000.0,1.0,1000000.0,1.0,5e-11,1.6720790008940987,28.671578830886556,experiments/results/parameter_sensitivity_v1/traces/c16_s520929.npz,7fa461575723527a89c5a9c72a1f10063f55c6194221dae11d080b714da1f8d6
c16,520930,100.0,10.0,2.0,300000000000.0,1.0,1000000.0,1.0,5e-11,1.6803601774595394,28.69438917228856,experiments/results/parameter_sensitivity_v1/traces/c16_s520930.npz,5d4f75b587646eb198013ee8329c111d4a2943169483e29340e4bb1a35e67e46
c16,520931,100.0,10.0,2.0,300000000000.0,1.0,1000000.0,1.0,5e-11,1.6765979461689622,28.68185455730081,experiments/results/parameter_sensitivity_v1/traces/c16_s520931.npz,c9bde26695da587909343e326aa77eea35b783c14916b32ec92e92a0b7d8e70e
c17,520927,100.0,10.0,2.0,300000000000.0,1.0,1500000.0,1.5,7.5e-11,1.6637204006486779,28.635673730619327,experiments/results/parameter_sensitivity_v1/traces/c17_s520927.npz,86a88b5a4754a66785bc5df82f2ebb6cb438a73f8f434709bb7835c53da9137c
c17,520928,100.0,10.0,2.0,300000000000.0,1.0,1500000.0,1.5,7.5e-11,1.667417128361758,28.647824465126256,experiments/results/parameter_sensitivity_v1/traces/c17_s520928.npz,01f64e2a43dd12b30f830d34c5500d195d9007bda4ffd9e98382f1ffdf0215dd
c17,520929,100.0,10.0,2.0,300000000000.0,1.0,1500000.0,1.5,7.5e-11,1.6621390738965964,28.647977843125386,experiments/results/parameter_sensitivity_v1/traces/c17_s520929.npz,a1a6b74c602a036a03a7a1c32b5d61e86d93980e2d2d618b325e3e7507f600bf
c17,520930,100.0,10.0,2.0,300000000000.0,1.0,1500000.0,1.5,7.5e-11,1.669893365907107,28.66957689444561,experiments/results/parameter_sensitivity_v1/traces/c17_s520930.npz,31e0ffb7d12a7cbf62ce1920e52e6aa08c83f4cd473a80699ed08695accfa0ff
c17,520931,100.0,10.0,2.0,300000000000.0,1.0,1500000.0,1.5,7.5e-11,1.6663134484218205,28.657534525278056,experiments/results/parameter_sensitivity_v1/traces/c17_s520931.npz,38fc1302149935b92f9951b9dca5119bf05b754fcaf39800a880ae47dfa6f4ff
c18,520927,100.0,10.0,2.0,300000000000.0,1.0,3000000.0,3.0,1.5e-10,1.6543546788069967,28.61476840421728,experiments/results/parameter_sensitivity_v1/traces/c18_s520927.npz,9934b5665de6be54fe6330c09932ccd0c7ab69c77aa17de210995d1851d99cdb
c18,520928,100.0,10.0,2.0,300000000000.0,1.0,3000000.0,3.0,1.5e-10,1.6578564900676502,28.62643773886643,experiments/results/parameter_sensitivity_v1/traces/c18_s520928.npz,a66d1ad08a44c9749a2c5cc4e34b18f2ca6d903781cfa7344cc08868abbc1e33
c18,520929,100.0,10.0,2.0,300000000000.0,1.0,3000000.0,3.0,1.5e-10,1.6528789474583154,28.6274693956437,experiments/results/parameter_sensitivity_v1/traces/c18_s520929.npz,d06065668d5a24432e937fceb3236a3f3c4206a6dd8f8f803e71f382ccee9084
c18,520930,100.0,10.0,2.0,300000000000.0,1.0,3000000.0,3.0,1.5e-10,1.6601971579447612,28.648051365794796,experiments/results/parameter_sensitivity_v1/traces/c18_s520930.npz,482f3e7d8d15cf5cd3edf2392647de4969780b1e754b7643b42b6dfc3ccd822a
c18,520931,100.0,10.0,2.0,300000000000.0,1.0,3000000.0,3.0,1.5e-10,1.6568722765119466,28.63640381566919,experiments/results/parameter_sensitivity_v1/traces/c18_s520931.npz,6e3866b9726381eff7ae3398a2e6a736f6d4a5dcfba7a90a92486fc28c441380
c19,520927,100.0,10.0,2.0,300000000000.0,1.0,4000000.0,4.0,2e-10,1.652131318620056,28.609941100701707,experiments/results/parameter_sensitivity_v1/traces/c19_s520927.npz,ecc0a63a42adf15ff39f8e17703252fd1b57e03c8b94f09c5e32a24ca03768d3
c19,520928,100.0,10.0,2.0,300000000000.0,1.0,4000000.0,4.0,2e-10,1.6555656932449825,28.6215362199305,experiments/results/parameter_sensitivity_v1/traces/c19_s520928.npz,36c8009073c535c02744584062b1fa87e8dc26f2b3b6a6e2519984b1ef308ee4
c19,520929,100.0,10.0,2.0,300000000000.0,1.0,4000000.0,4.0,2e-10,1.650695795646454,28.622791076268577,experiments/results/parameter_sensitivity_v1/traces/c19_s520929.npz,0259e761cf3ab1ed178458fc5e5f88cb795089a3972bcacfa4297ae94972fd7f
c19,520930,100.0,10.0,2.0,300000000000.0,1.0,4000000.0,4.0,2e-10,1.6579088326359885,28.64311963334606,experiments/results/parameter_sensitivity_v1/traces/c19_s520930.npz,c0c7994380bf73b60db022d3e54718d08451301a210368c492d12ced4d40f337
c19,520931,100.0,10.0,2.0,300000000000.0,1.0,4000000.0,4.0,2e-10,1.6545858398718938,28.63155504165371,experiments/results/parameter_sensitivity_v1/traces/c19_s520931.npz,fc03725a01c91b8450ca5b3a590620f6981a2d5346f51fbd3b9f7a221e3fd065
