axis,axis_value,config_id,N,M,beta,V,V_scale,bandwidth_hz,bandwidth_mhz,noise_w,seed_count,failed_seed_count,status,mean_energy_j_per_slot_mean,mean_energy_j_per_slot_sd,mean_backlog_mbit_mean,mean_backlog_mbit_sd,mean_device_backlog_mbit_mean,mean_device_backlog_mbit_sd,mean_edge_backlog_mbit_mean,mean_edge_backlog_mbit_sd,mean_local_energy_j_per_slot_mean,mean_local_energy_j_per_slot_sd,mean_transmit_energy_j_per_slot_mean,mean_transmit_energy_j_per_slot_sd,mean_edge_energy_j_per_slot_mean,mean_edge_energy_j_per_slot_sd,mean_local_completed_mbit_per_slot_mean,mean_local_completed_mbit_per_slot_sd,mean_edge_completed_mbit_per_slot_mean,mean_edge_completed_mbit_per_slot_sd,mean_completed_mbit_per_slot_mean,mean_completed_mbit_per_slot_sd,mean_arrival_mbit_per_slot_mean,mean_arrival_mbit_per_slot_sd,window_local_completion_fraction_mean,window_local_completion_fraction_sd,window_edge_completion_fraction_mean,window_edge_completion_fraction_sd,completion_to_arrival_ratio_mean,completion_to_arrival_ratio_sd,late_half_backlog_slope_mbit_per_slot_mean,late_half_backlog_slope_mbit_per_slot_sd,mean_sweeps_mean,mean_sweeps_sd,convergence_fraction_mean,convergence_fraction_sd,mean_decision_runtime_ms_mean,mean_decision_runtime_ms_sd,maximum_best_deviation_gain_mean,maximum_best_deviation_gain_sd,maximum_objective_rise_mean,maximum_objective_rise_sd,wall_seconds_mean,wall_seconds_sd
V_scale,0.0625,c01,100,10,2,18750000000.0,0.0625,2000000.0,2,1e-10,5,0,PASS,3.538736417488642,0.0029457830849076,12.353770843975353,0.001969776814065834,9.602094683373593,0.0015286804560171467,2.75167616060176,0.000488492771378495,3.3050575975922643,0.0015715909821178088,0.1287521339841367,0.0016387603398651672,0.10492668591224216,3.5386683419494705e-05,6.850376580138979,0.0011842183733014142,2.7516585199202304,0.0004796830741783748,9.60203510005921,0.001603248440612276,9.602094222222224,0.0015290057377112638,0.7134296537790522,2.0967098970649907e-05,0.2865703462209476,2.096709897065879e-05,0.9999938418277272,1.1428442967160854e-05,-2.491314693287889e-06,1.3547086707819982e-05,9.617407407407407,0.03190026467202727,0.9921481481481482,0.0021973921443246528,3.5500055966549553,0.017303905320298508,1.118789130118321e-06,1.8106656964333496e-06,0.0,0.0,11.204683775006561,0.040701493490352465
V_scale,0.125,c02,100,10,2,37500000000.0,0.125,2000000.0,2,1e-10,5,0,PASS,2.413895774628261,0.0029658940596522915,13.387015250424401,0.002147451822302514,9.602094222222222,0.001529005737711264,3.78492102820218,0.0007972991259171101,1.9947091867565987,0.0011643825608886342,0.1462428662528642,0.0019978489960567054,0.27294372161879854,0.00013872335302457268,5.817131712538561,0.0011850243256023999,3.7848988743503043,0.0007779736411299895,9.602030586888866,0.0016136480244708295,9.602094222222222,0.001529005737711264,0.6058230756061646,5.689082545890301e-05,0.3941769243938355,5.689082545891303e-05,0.9999933716790022,1.3042412935938969e-05,-2.798596418292805e-06,1.4869634527176102e-05,8.997111111111114,0.04097441404474283,0.9957777777777779,0.0012171612389003568,3.6795675540256694,0.020019857127762046,4.533731731345796e-06,9.761152949716078e-06,0.0,0.0,11.594801650202134,0.06274426434478476
V_scale,0.25,c03,100,10,2,75000000000.0,0.25,2000000.0,2,1e-10,5,0,PASS,1.8090180820599115,0.0031705714200351387,14.463999267300077,0.0022999488418002654,9.602108297641594,0.0015278571354287861,4.861890969658484,0.0012520961983007715,1.0722307128166921,0.0010719291102905095,0.15816356824754374,0.0024182121521680268,0.5786238009956757,0.00039455984176511643,4.740161771082257,0.0015896533726146263,4.8618639780926936,0.0012281712228856304,9.602025749174949,0.0016259340299786427,9.602094222222222,0.001529005737711264,0.4936626760941967,0.00012160081824659838,0.5063373239058034,0.00012160081824657578,0.999992867707588,1.4827455974501353e-05,-3.048136565665154e-06,1.624575353169855e-05,8.744222222222223,0.030328109711670177,0.9962962962962963,0.0012283795519834782,3.70475000566458,0.015784397936074095,2.178912889531405e-06,3.4639693035873635e-06,0.0,0.0,11.675727724796161,0.04492640287193884
V_scale,0.5,c04,100,10,2,150000000000.0,0.5,2000000.0,2,1e-10,5,0,PASS,1.6849315608261002,0.003075670821464714,16.549497736352365,0.003987813220007384,9.602468333805996,0.001553168836669434,6.947029402546366,0.0032140175273326866,0.6659379476596138,0.0008243651019856531,0.1605482027410993,0.002652653193258395,0.8584454104253867,0.0005916486824903835,4.046869048734057,0.0016397848517140713,5.555231571360342,0.0012956446559283389,9.602100620094399,0.001620317537107787,9.602094222222222,0.001529005737711264,0.42145663220943475,0.00013267260084145043,0.5785433677905653,0.00013267260084141858,1.0000006651364433,1.4531037345352553e-05,-4.086062735624868e-06,2.5647715359851508e-05,8.59274074074074,0.03553104865299315,0.9977037037037035,0.0008029438292102909,3.3679173847324115,0.020138323758526096,9.823849056463108e-07,2.1796897661430143e-06,0.0,0.0,10.659769899811362,0.053292183145151384
V_scale,1,c00,100,10,2,300000000000.0,1,2000000.0,2,1e-10,5,0,PASS,1.6610635633819761,0.002972464091553516,28.640771628145842,0.012529898441473803,14.749086226160362,0.013047572843445729,13.89168540198548,0.0065680745935590866,0.6638911481970026,0.0008113835633687571,0.13927209965453663,0.002557350942243194,0.8579003155304367,0.000602255526824227,4.046660053955231,0.0016095436029512395,5.555460027696504,0.0013273106795736237,9.602120081651737,0.0016264782385505907,9.602094222222224,0.0015290057377112638,0.4214340132917041,0.00013157374374423266,0.578565986708296,0.00013157374374421157,1.0000026920332719,2.5731884993328517e-05,-1.4370041086616644e-05,5.851262819026925e-05,10.472444444444445,0.018491832624153798,0.9845925925925927,0.0017489954004618663,2.926893887357976,0.017006148235098856,9.687486392368633e-07,1.7208424788470827e-06,0.0,0.0,9.352413041394902,0.04735343310753179
V_scale,2,c05,100,10,2,600000000000.0,2,2000000.0,2,1e-10,5,0,PASS,1.6493644413988986,0.002887493006628555,57.26374322753533,0.0238738653673557,29.461385911852897,0.024943797923606414,27.80235731568243,0.012939513228024545,0.66259777174675,0.0008116429856636486,0.1280751073372361,0.002458336505550305,0.8586915623149125,0.0005928257598750937,4.0445250923031075,0.0016135506986939773,5.557548771832551,0.0013082093012132057,9.602073864135658,0.0016484925665671622,9.602094222222222,0.001529005737711264,0.421213697638375,0.00013028844853057612,0.5787863023616249,0.00013028844853058588,0.9999978785289546,2.9499846395494256e-05,-2.7259994775999548e-05,0.0001034520801388232,9.580222222222222,0.012569695959559556,0.9990370370370372,0.0006197481678030318,2.23310491500888,0.015027563719233849,1.9001753323588664e-09,2.515695646439712e-09,7.105427357601002e-16,9.72950711118099e-16,7.248874274990522,0.04506594151884059
V_scale,4,c06,100,10,2,1200000000000.0,4,2000000.0,2,1e-10,5,0,PASS,1.6371813329868097,0.002827280081597559,114.49227765033375,0.048490359348321445,58.8407444202695,0.049671466290940144,55.651533230064274,0.024447527731802747,0.6611417456600112,0.0008264228100547831,0.11631900514858713,0.002326670295565384,0.8597205821782111,0.0005596688273842019,4.041996528252149,0.001649979259507147,5.560008359589004,0.0012365733463475055,9.602004887841153,0.0017223996845148984,9.602094222222222,0.001529005737711264,0.42095338486349015,0.00012741724494715417,0.57904661513651,0.00012741724494712804,0.9999906939836766,2.9467638844436814e-05,-5.260305462104979e-05,0.0001943013549179385,8.730222222222222,0.010411953666316686,0.999925925925926,0.0001656346649999772,1.5963118543904447,0.008382060133896769,1.1788516829369655e-10,4.000152601991193e-11,0.0,0.0,5.337032441596966,0.024050640183955477
V_scale,8,c07,100,10,2,2400000000000.0,8,2000000.0,2,1e-10,5,0,PASS,1.62464289643431,0.0027660260162437928,228.8926709269675,0.10324302980616477,117.44798045198131,0.10131140178756753,111.44469047498619,0.04635752808930531,0.6590953019973956,0.0008503011064843551,0.10422204407099703,0.002158734859261382,0.8613255503659174,0.0005316821718284338,4.0382155987026085,0.0017081614394772791,5.563623222728386,0.0011700395820858041,9.601838821430993,0.0018673765955802284,9.602094222222222,0.001529005737711264,0.4205668920519904,0.00012395656751765477,0.5794331079480097,0.00012395656751766252,0.9999733973073258,4.302909622118444e-05,-0.00010099093826346488,0.00044154402912976207,7.959259259259258,0.00942445233333285,1.0,0.0,1.1481815356506826,0.007816653968455132,9.999532313287319e-11,3.592733856226871e-15,1.1368683772161604e-14,1.5567211377889583e-14,3.989420508191688,0.020441721177339178
V_scale,16,c08,100,10,2,4800000000000.0,16,2000000.0,2,1e-10,5,0,PASS,1.6109286089030868,0.0026862784013494,457.09081148791995,0.21330176505385692,234.0864347898354,0.20175897804421858,223.0043766980845,0.09003342916784145,0.6556312723319946,0.0008482971805679972,0.09332317647152034,0.0020177228419048752,0.8619741600995721,0.0005177415185552838,4.031407924341949,0.0017165393059284935,5.565097120131755,0.0011330521044667786,9.596505044473703,0.001957278012578639,9.602094222222222,0.001529005737711264,0.4200912531014782,0.00011948277718813863,0.5799087468985218,0.00011948277718818087,0.9994179157426402,5.637129029624455e-05,-0.00022842899621930806,0.001090825313415724,7.250592592592594,0.02468262191131685,1.0,0.0,0.8575268191591562,0.002759506442629357,9.999663319604224e-11,8.067281120720504e-16,5.684341886080802e-14,5.684341886080802e-14,3.1188528749975375,0.0069755227443523285
beta,1,c09,100,10,1,300000000000.0,1,2000000.0,2,1e-10,5,0,PASS,0.2582497668844662,0.0017403826844000288,8.18936558452919,0.012700405437269937,4.85782053655462,0.007804342095237471,3.3315450479745707,0.0063258664388618595,0.09430588824545132,0.0005613977542673649,0.06297226962457078,0.001158305576974989,0.1009716090144441,0.0002886299168796464,2.0838498724953523,0.004150072583318552,2.7162700924134193,0.00257814634790609,4.800119964908771,0.005546031034104154,4.800051555555555,0.0055914171342578735,0.4341242856850078,0.0004696688549902568,0.5658757143149923,0.0004696688549902677,1.0000142608335094,2.540259188367721e-05,2.2650182278951813e-06,3.54115963382734e-05,7.755777777777777,0.01902384612890771,0.999851851851852,0.00020286020648338605,1.7619352622703581,0.010033748923748321,1.5811583450528466e-09,3.3114377155474237e-09,0.0,0.0,5.848412941599963,0.02827521631719835
beta,1.5,c10,100,10,1.5,300000000000.0,1,2000000.0,2,1e-10,5,0,PASS,0.7412557866462068,0.003365266642621072,16.185948121406728,0.03867667522763182,8.490116160043659,0.02770534456838424,7.6958319613630675,0.013096859080107394,0.2899094674058357,0.0011246761200024511,0.09743122994070771,0.001896825328109891,0.3539150892996635,0.0008974798211475772,3.066364060713962,0.00397060825919536,4.134275825425295,0.0035425515209346783,7.200639886139257,0.006980532440408175,7.200629925925925,0.006762833831066046,0.4258459703886442,0.00021892415214903657,0.5741540296113558,0.0002189241521490133,1.0000013605393225,3.112834729561819e-05,-2.7819025441236444e-05,4.329585505976904e-05,10.28837037037037,0.013439903324493907,0.9928148148148148,0.0014248432638275172,2.5060953828915777,0.01642831250340482,5.238197648893203e-07,1.1006826856384664e-06,0.0,0.0,8.08389519159682,0.04178457899930186
beta,2,c00,100,10,2,300000000000.0,1,2000000.0,2,1e-10,5,0,PASS,1.6610635633819761,0.002972464091553516,28.640771628145842,0.012529898441473803,14.749086226160362,0.013047572843445729,13.89168540198548,0.0065680745935590866,0.6638911481970026,0.0008113835633687571,0.13927209965453663,0.002557350942243194,0.8579003155304367,0.000602255526824227,4.046660053955231,0.0016095436029512395,5.555460027696504,0.0013273106795736237,9.602120081651737,0.0016264782385505907,9.602094222222224,0.0015290057377112638,0.4214340132917041,0.00013157374374423266,0.578565986708296,0.00013157374374421157,1.0000026920332719,2.5731884993328517e-05,-1.4370041086616644e-05,5.851262819026925e-05,10.472444444444445,0.018491832624153798,0.9845925925925927,0.0017489954004618663,2.926893887357976,0.017006148235098856,9.687486392368633e-07,1.7208424788470827e-06,0.0,0.0,9.352413041394902,0.04735343310753179
beta,2.5,c11,100,10,2.5,300000000000.0,1,2000000.0,2,1e-10,5,0,PASS,3.153827119521806,0.0051459757239701205,44.66959510117813,0.025114678567473073,22.79430478062685,0.020957134631522115,21.87529032055128,0.006481523685334335,1.2749211130752762,0.0015960091818042477,0.18393851392993574,0.003321676165174495,1.6949674925165936,0.0007588836354245499,5.031467078588336,0.0020705442655808487,6.971787651764504,0.0010256739935564474,12.00325473035284,0.0027416844804363186,12.003250962962962,0.0022246676914656175,0.4191752189993161,8.741265797324614e-05,0.580824781000684,8.74126579732973e-05,1.0000003080847484,5.807744236710697e-05,-4.607823946137064e-05,9.012551213313836e-05,10.565111111111111,0.023440962821464007,0.9822222222222223,0.0037861200556038636,3.4435288046434933,0.022019407510735077,2.97386225872609e-07,3.7506512238554655e-07,0.0,0.0,10.908190091792495,0.07029755538732149
beta,3,c12,100,10,3,300000000000.0,1,2000000.0,2,1e-10,5,0,PASS,5.359396915746539,0.008205014217913977,64.23799677197431,0.046085499498983974,32.60785194231841,0.03152742443715061,31.630144829655904,0.016510953856548216,2.1812017221333586,0.0027816245020715813,0.23139601568625992,0.00422453540864669,2.946799177926922,0.002317126234578035,6.0185066809848875,0.0025346787690991787,8.383559946807273,0.002178867200154666,14.402066627792157,0.004472746581444628,14.401943111111112,0.00409517627176689,0.41789186918148336,6.428497866457826e-05,0.5821081308185168,6.428497866464228e-05,1.0000085704682018,2.818630689272412e-05,-6.782515335786313e-05,0.00017008461763354121,10.646,0.019055906486348122,0.9777037037037036,0.002990611738990566,3.7239655442535877,0.02179708352059127,1.02669441983394e-06,1.2372249005879655e-06,0.0,0.0,11.73824340000283,0.06274234857676234
M,5,c13,100,5,2,300000000000.0,1,2000000.0,2,1e-10,5,0,PASS,3.1818175738550982,0.0026758211507148474,56.759914769841956,0.02097347888027923,29.001100349693893,0.013694469861501761,27.758814420148063,0.012655205551143491,1.8301206047397756,0.0011764942460531947,0.14032449572544284,0.0018583454104211597,1.2113724733898803,0.0008255432730090876,5.675207694830649,0.0012004266828498488,3.926863624431636,0.000898324113925396,9.602071319262285,0.0016447503542662196,9.602094222222222,0.001529005737711264,0.5910399433872777,6.68787308738239e-05,0.40896005661272233,6.687873087388736e-05,0.9999976135482523,2.9457608118177446e-05,-2.5384497849292193e-05,0.00010529510984322051,8.74548148148148,0.012718326537087163,0.999851851851852,0.0003312693299999544,1.3164873123298295,0.009488918408912968,1.0087982255102545e-10,1.9857241269686524e-12,1.4210854715202005e-15,7.944109290391273e-16,4.4935578084085135,0.030459777733829223
M,10,c00,100,10,2,300000000000.0,1,2000000.0,2,1e-10,5,0,PASS,1.6610635633819761,0.002972464091553516,28.640771628145842,0.012529898441473803,14.749086226160362,0.013047572843445729,13.89168540198548,0.0065680745935590866,0.6638911481970026,0.0008113835633687571,0.13927209965453663,0.002557350942243194,0.8579003155304367,0.000602255526824227,4.046660053955231,0.0016095436029512395,5.555460027696504,0.0013273106795736237,9.602120081651737,0.0016264782385505907,9.602094222222224,0.0015290057377112638,0.4214340132917041,0.00013157374374423266,0.578565986708296,0.00013157374374421157,1.0000026920332719,2.5731884993328517e-05,-1.4370041086616644e-05,5.851262819026925e-05,10.472444444444445,0.018491832624153798,0.9845925925925927,0.0017489954004618663,2.926893887357976,0.017006148235098856,9.687486392368633e-07,1.7208424788470827e-06,0.0,0.0,9.352413041394902,0.04735343310753179
M,15,c14,100,15,2,300000000000.0,1,2000000.0,2,1e-10,5,0,PASS,1.0594294745748507,0.0027160209552150065,17.975894940448274,0.004930322062043187,9.687635758906689,0.0037581044909877795,8.288259181541587,0.004495815169839357,0.31909123936514694,0.0005795097968599075,0.14686505887221055,0.0024839866894861454,0.5934731763374934,0.00047501816417527354,3.1669234594869464,0.0018747194758233095,6.4351896477279755,0.0017792565067101108,9.602113107214922,0.0016187574172330087,9.602094222222222,0.001529005737711264,0.3298152575847424,0.0001748955654796499,0.6701847424152577,0.00017489556547955595,1.0000019656426307,1.6636936175803306e-05,-6.811633608485966e-06,3.119178756018369e-05,8.831185185185186,0.044864068434419965,0.9977037037037035,0.000802943829210332,4.027953672906194,0.03205642129078013,2.9930990225244746e-06,5.548920490177294e-06,0.0,0.0,12.672788316797233,0.08944860029117421
M,20,c15,100,20,2,300000000000.0,1,2000000.0,2,1e-10,5,0,PASS,0.7737208434304346,0.0028374175725909443,16.337283096599762,0.0026790295008398053,9.603628150934526,0.0016213648965575527,6.733654945665235,0.0018751548401602317,0.2392372780330858,0.0005487312813203897,0.14819980627363988,0.002463012971631278,0.38628375912370894,0.00028039349332874465,2.874974002120522,0.002148485277571743,6.72705515545849,0.0019156363038887003,9.602029157579011,0.0016369160757958936,9.602094222222222,0.001529005737711264,0.299413162650619,0.000202224493359028,0.7005868373493811,0.0002022244933589577,0.9999932225390209,1.659674634091918e-05,-3.717458321864863e-06,1.9111694707317443e-05,7.737481481481481,0.017435753123064526,0.9994814814814816,0.00076801634641956,5.182494033677761,0.025309325858814246,1.3279711727660903e-08,2.9191379146201237e-08,0.0,0.0,16.133481608203148,0.06780124769597339
bandwidth_mhz,1,c16,100,10,2,300000000000.0,1,1000000.0,1,5e-11,5,0,PASS,1.6761799451445956,0.0032602068276727137,28.676049363357187,0.012901008952672566,14.85336963216587,0.014792895428046925,13.82267973119131,0.007539205813691051,0.6711332370087809,0.0009404027002756734,0.15348692329463437,0.0028310425622205078,0.8515597848411799,0.0006884042194231807,4.060571347269458,0.001844164869437087,5.541549019950427,0.0015301814402415505,9.602120367219886,0.0016267531456993231,9.602094222222222,0.001529005737711264,0.42288277285137443,0.00015817687065287182,0.5771172271486256,0.00015817687065287182,1.0000027217698257,2.5743437952391824e-05,-1.4504645586357755e-05,5.83799495824304e-05,10.350074074074074,0.02055372030512575,0.9894814814814815,0.0011886523359912408,3.0231297123849528,0.04516130608674841,8.419037588608402e-08,1.4586434382258415e-07,0.0,0.0,9.627620149805443,0.18103771616575032
bandwidth_mhz,1.5,c17,100,10,2,300000000000.0,1,1500000.0,1.5,7.5e-11,5,0,PASS,1.6658966834471922,0.003054290131173437,28.651717491718927,0.01264257729912372,14.78164161618119,0.013591134711202608,13.87007587553774,0.006857932756360062,0.666146269405264,0.0008507453264856424,0.14383685337634244,0.0026303417265201748,0.8559135606655854,0.0006285315930733892,4.051013709939075,0.001683739569484898,5.551106395344696,0.0013867275825064469,9.60212010528377,0.001626593719954801,9.602094222222222,0.001529005737711264,0.421887417603872,0.00013990782307116186,0.578112582396128,0.00013990782307116015,1.0000026944929545,2.5740564436011813e-05,-1.433146198243855e-05,5.843605330244555e-05,10.434148148148148,0.022312163666087313,0.9880740740740741,0.00290923509431935,2.96180991702325,0.011935436427214858,1.3752347603288723e-06,2.8878446240023685e-06,0.0,0.0,9.408834858395858,0.03579763888377586
bandwidth_mhz,2,c00,100,10,2,300000000000.0,1,2000000.0,2,1e-10,5,0,PASS,1.6610635633819761,0.002972464091553516,28.640771628145842,0.012529898441473803,14.749086226160362,0.013047572843445729,13.89168540198548,0.0065680745935590866,0.6638911481970026,0.0008113835633687571,0.13927209965453663,0.002557350942243194,0.8579003155304367,0.000602255526824227,4.046660053955231,0.0016095436029512395,5.555460027696504,0.0013273106795736237,9.602120081651737,0.0016264782385505907,9.602094222222224,0.0015290057377112638,0.4214340132917041,0.00013157374374423266,0.578565986708296,0.00013157374374421157,1.0000026920332719,2.5731884993328517e-05,-1.4370041086616644e-05,5.851262819026925e-05,10.472444444444445,0.018491832624153798,0.9845925925925927,0.0017489954004618663,2.926893887357976,0.017006148235098856,9.687486392368633e-07,1.7208424788470827e-06,0.0,0.0,9.352413041394902,0.04735343310753179
bandwidth_mhz,3,c18,100,10,2,300000000000.0,1,3000000.0,3,1.5e-10,5,0,PASS,1.6564319101579343,0.0028869913132584133,28.63062614403828,0.012409628855038227,14.718670730820776,0.012559325601240415,13.911955413217504,0.006337913231901078,0.6617901599496611,0.0007751327108623994,0.1348756474402566,0.0024779023975024187,0.8597661027680165,0.0005817085762637637,4.042581207238354,0.0015445861612418251,5.559538994072659,0.0012795884584934105,9.602120201311012,0.001626339364791194,9.602094222222222,0.001529005737711264,0.4210092223290422,0.00012435446092918915,0.5789907776709577,0.00012435446092918747,1.0000027044969748,2.5729631062325833e-05,-1.4200912260598229e-05,5.8514855350993894e-05,10.537777777777778,0.00973235803220084,0.9834814814814814,0.0010006856360078838,2.9461703914071053,0.014119368868700312,2.218952707612465e-07,2.0953807725314897e-07,8.881784197001253e-17,1.9860273225978188e-16,9.363113383599558,0.03589357003198005
bandwidth_mhz,4,c19,100,10,2,300000000000.0,1,4000000.0,4,2e-10,5,0,PASS,1.654177496003875,0.002842788623070535,28.62578861438011,0.012367575398720538,14.704125194613658,0.012283487248751035,13.921663419766451,0.006214020166773172,0.6607868994384594,0.000755404449455137,0.1327308634729183,0.002434345976622217,0.8606597330924973,0.0005707053583101975,4.040627759382874,0.001506385063723644,5.561492375294392,0.0012537464926203694,9.602120134677264,0.0016263391246474116,9.602094222222222,0.001529005737711264,0.4208057862449513,0.00012014894212876624,0.5791942137550488,0.00012014894212872817,1.0000026975580985,2.575986262481428e-05,-1.4284302090442573e-05,5.8474160724142264e-05,10.555777777777777,0.02459911783132817,0.9825925925925926,0.0021436735005167205,2.926768792314558,0.030451266439745748,3.519771215296924e-07,4.354721961670621e-07,0.0,0.0,9.29963678320055,0.08942050841796768
